{"accuracy": [0.2989148497581482, 0.5376460552215576, 0.644407331943512, 0.7083472609519958, 0.768030047416687, 0.8144407272338867, 0.846828043460846, 0.872120201587677, 0.8880634307861328, 0.9085142016410828, 0.927879810333252, 0.9392320513725281, 0.9419031739234924, 0.953171968460083, 0.9622704386711121, 0.964691162109375, 0.9722036719322205, 0.971953272819519, 0.9737061858177185, 0.9773789644241333, 0.9771285653114319, 0.9846410751342773, 0.984557569026947, 0.9828881621360779, 0.985308825969696, 0.9764607548713684, 0.9874791502952576, 0.9881469011306763, 0.988480806350708, 0.9866443872451782], "loss": [1.9094773530960083, 1.3111066818237305, 1.0288218259811401, 0.8438639044761658, 0.6810131072998047, 0.5455339550971985, 0.4470864534378052, 0.3691469728946686, 0.31873631477355957, 0.27437302470207214, 0.20836614072322845, 0.18425637483596802, 0.164882630109787, 0.13735516369342804, 0.12307688593864441, 0.11010797321796417, 0.08052927255630493, 0.0878373235464096, 0.07492048293352127, 0.07122129201889038, 0.06902780383825302, 0.04733092337846756, 0.04775765538215637, 0.05182908847928047, 0.04677601531147957, 0.0764176994562149, 0.03667589649558067, 0.03619850054383278, 0.03357984125614166, 0.03914953023195267], "val_accuracy": [0.43205341696739197, 0.6120200157165527, 0.6944907903671265, 0.6878130435943604, 0.7863104939460754, 0.8016694784164429, 0.8267111778259277, 0.8474123477935791, 0.8777963519096375, 0.8968280553817749, 0.8994991779327393, 0.8894824981689453, 0.8594323992729187, 0.8871452212333679, 0.9175292253494263, 0.9155258536338806, 0.8791319131851196, 0.9272119998931885, 0.927879810333252, 0.927879810333252, 0.9111853241920471, 0.9245408773422241, 0.9268781542778015, 0.9405676126480103, 0.9171953201293945, 0.9318864941596985, 0.9439064860343933, 0.9395659565925598, 0.9348914623260498, 0.9232053160667419], "val_loss": [1.5965831279754639, 1.112786054611206, 0.9042128920555115, 0.9181601405143738, 0.6149412393569946, 0.5891191363334656, 0.507087767124176, 0.4353845417499542, 0.36521896719932556, 0.30611786246299744, 0.3086341917514801, 0.33853021264076233, 0.4708569347858429, 0.3973826467990875, 0.256181001663208, 0.26085132360458374, 0.4439384639263153, 0.25243109464645386, 0.2316470891237259, 0.2538917362689972, 0.30531755089759827, 0.32006311416625977, 0.28262263536453247, 0.22775708138942719, 0.3094876706600189, 0.22409936785697937, 0.20208416879177094, 0.2347792387008667, 0.22647537291049957, 0.3273022472858429]}